author,Filename,action,Date,Time,ver,ID_File_und,Language,Extension,LOC,SLOC,CommmentRatio,MaxCyclomatic,CyclomaticType,FI,FO,VFI,VFO,FT,VFT,CyclicGroupSize,ArchType,crs_mdl_out,crs_mdl_in,partition,NetworkID,NetworkGroupSize,CyclicGroupID,modularity_out,modularity_in,modularity,crs_mdl_T_out,crs_mdl_T_in,modularity_T_out,modularity_T_in,modularity_T,hierarchy2,hierarchy1,ID_rev,filename
nicola.compagno,/branches/pvpro_bf_1.4/src/developments/PlantVisorPRO/src/com/carel/supervisor/dispatcher/action/DAction.java,M,2009-03-18,16:17:13,3,77958,Java File,java,204,168,.01,17,Medium,2,14,2,155,14,155,0,Control,2,0,7,1,2403,0,.85714287,1,.875,90,0,.41935483,1,.42675158,1,1,18904,PlantVisorPRO/src/com/carel/supervisor/dispatcher/action/DAction.java
nicola.compagno,/trunk/src/developments/PlantVisorPRO/src/com/carel/supervisor/dispatcher/action/DAction.java,M,2009-03-18,16:30:36,3,77958,Java File,java,204,168,.01,17,Medium,2,14,2,155,14,155,0,Control,2,0,7,1,2403,0,.85714287,1,.875,90,0,.41935483,1,.42675158,1,1,18907,PlantVisorPRO/src/com/carel/supervisor/dispatcher/action/DAction.java
kevin.ge,/trunk/src/developments/PlantVisorPRO/src/com/carel/supervisor/presentation/alarms/Alarm.java,M,2009-03-19,04:29:28,3,41238,Java File,java,277,198,.21,2,Low,1,4,1,85,3,84,0,Peripheral,1,0,6,1,2403,0,.75,1,.80000001,78,0,.082352944,1,.093023255,1,1,18908,PlantVisorPRO/src/com/carel/supervisor/presentation/alarms/Alarm.java
kevin.ge,/trunk/src/developments/PlantVisorPRO/src/com/carel/supervisor/presentation/alarms/AlarmList.java,M,2009-03-19,06:15:38,3,73793,Java File,java,882,709,.01,16,Medium,1,23,1,290,22,289,0,Control,7,0,6,1,2403,0,.69565219,1,.70833331,226,0,.22068965,1,.22336769,1,1,18909,PlantVisorPRO/src/com/carel/supervisor/presentation/alarms/AlarmList.java
simon.zhang,/trunk/src/developments/PlantVisorPRO/src/com/carel/supervisor/presentation/alarms/AlarmList.java,M,2009-03-20,02:00:14,3,73793,Java File,java,882,709,.01,16,Medium,1,23,1,290,22,289,0,Control,7,0,6,1,2403,0,.69565219,1,.70833331,226,0,.22068965,1,.22336769,1,1,18923,PlantVisorPRO/src/com/carel/supervisor/presentation/alarms/AlarmList.java
nicola.compagno,/branches/pvpro_bf_1.4/src/developments/PlantVisorPRO/src/com/carel/supervisor/presentation/report/ReportBeanHelper.java,M,2009-03-23,09:28:36,3,83,Java File,java,153,119,.09,9,Low,1,9,1,303,8,302,0,Control,4,0,7,1,2403,0,.55555558,1,.60000002,235,0,.22442244,1,.22697368,1,1,18927,PlantVisorPRO/src/com/carel/supervisor/presentation/report/ReportBeanHelper.java
nicola.compagno,/trunk/src/developments/PlantVisorPRO/src/com/carel/supervisor/presentation/report/ReportBeanHelper.java,M,2009-03-23,09:52:13,3,83,Java File,java,153,119,.09,9,Low,1,9,1,303,8,302,0,Control,4,0,7,1,2403,0,.55555558,1,.60000002,235,0,.22442244,1,.22697368,1,1,18929,PlantVisorPRO/src/com/carel/supervisor/presentation/report/ReportBeanHelper.java
nicola.compagno,/trunk/src/developments/PlantVisorPRO/src/com/carel/supervisor/action/ActionLog.java,M,2009-03-30,10:06:55,3,46888,Java File,java,76,64,.11,2,Low,1,9,1,141,8,140,0,Peripheral,4,0,2,1,2403,0,.55555558,1,.60000002,122,0,.13475177,1,.14084508,1,1,18931,PlantVisorPRO/src/com/carel/supervisor/action/ActionLog.java
fabio.boldrin,/trunk/src/developments/PlantVisorPRO/src/com/carel/supervisor/dataaccess/event/VariableHelper.java,M,2009-04-02,08:15:39,3,50483,Java File,java,124,103,0,7,Low,1,9,1,52,8,51,0,Peripheral,2,0,5,1,2403,0,.77777779,1,.80000001,36,0,.30769232,1,.32075471,1,1,19089,PlantVisorPRO/src/com/carel/supervisor/dataaccess/event/VariableHelper.java
fabio.boldrin,/trunk/src/developments/PlantVisorPRO/src/com/carel/supervisor/director/ide/RuleImporter.java,M,2009-04-02,08:16:43,3,24492,Java File,java,542,436,.07,12,Medium,1,11,1,59,10,58,0,Peripheral,1,0,5,1,2403,0,.90909094,1,.91666669,37,0,.37288135,1,.38333333,1,1,19090,PlantVisorPRO/src/com/carel/supervisor/director/ide/RuleImporter.java
fabio.boldrin,/trunk/src/developments/PlantVisorPRO/src/com/carel/supervisor/director/lightnight/LightNightMgr.java,M,2009-04-02,08:17:36,3,17430,Java File,java,345,307,.02,14,Medium,1,12,1,214,11,213,0,Control,8,0,5,1,2403,0,.33333334,1,.38461539,168,0,.21495327,1,.21860465,1,1,19091,PlantVisorPRO/src/com/carel/supervisor/director/lightnight/LightNightMgr.java
fabio.boldrin,/trunk/src/developments/PlantVisorPRO/src/com/carel/supervisor/base/printer/PrinterMgr.java,D,2009-04-02,08:18:14,3,98716,Java File,java,567,472,.06,26,High,2,18,107,91,18,196,0,Peripheral,6,0,0,1,2403,0,.66666669,1,.69999999,46,97,.49450549,.093457945,.27777779,1,1,19092,PlantVisorPRO/src/com/carel/supervisor/base/printer/PrinterMgr.java
fabio.boldrin,/trunk/src/developments/PlantVisorPRO/src/com/carel/supervisor/base/printer/template/IFactoryTemplate.java,D,2009-04-02,08:18:14,3,20835,Java File,java,12,9,0,1,Low,1,4,1,8,3,7,0,Peripheral,0,0,0,1,2403,0,1,1,1,0,0,1,1,1,1,1,19093,PlantVisorPRO/src/com/carel/supervisor/base/printer/template/IFactoryTemplate.java
fabio.boldrin,/trunk/src/developments/PlantVisorPRO/src/com/carel/supervisor/base/printer/template/IFactoryTemplateHTML.java,D,2009-04-02,08:18:14,3,86813,Java File,java,12,9,0,1,Low,1,4,1,8,3,7,0,Peripheral,0,0,0,1,2403,0,1,1,1,0,0,1,1,1,1,1,19094,PlantVisorPRO/src/com/carel/supervisor/base/printer/template/IFactoryTemplateHTML.java
fabio.boldrin,/trunk/src/developments/PlantVisorPRO/src/com/carel/supervisor/base/printer/template/ITemplate.java,D,2009-04-02,08:18:14,3,,Java File,java,17,11,0,1,Low,1,1,1,1,0,0,0,Unconnected,,,,56,1,0,,,,,,,,,1,1,19095,PlantVisorPRO/src/com/carel/supervisor/base/printer/template/ITemplate.java
fabio.boldrin,/trunk/src/developments/PlantVisorPRO/src/com/carel/supervisor/base/printer/template/ITemplateHTML.java,D,2009-04-02,08:18:14,3,,Java File,java,13,9,0,1,Low,1,1,1,1,0,0,0,Unconnected,,,,57,1,0,,,,,,,,,1,1,19096,PlantVisorPRO/src/com/carel/supervisor/base/printer/template/ITemplateHTML.java
fabio.boldrin,/trunk/src/developments/PlantVisorPRO/src/com/carel/supervisor/base/printer/template/TemplateMgr.java,D,2009-04-02,08:18:14,3,18025,Java File,java,202,173,.04,14,Medium,2,17,111,42,17,151,0,Peripheral,3,0,0,1,2403,0,.82352942,1,.84210527,15,97,.64285713,.12612613,.26797387,1,1,19097,PlantVisorPRO/src/com/carel/supervisor/base/printer/template/TemplateMgr.java
fabio.boldrin,/trunk/src/developments/PlantVisorPRO/src/com/carel/supervisor/base/test/AllTests.java,M,2009-04-02,08:18:14,3,98538,Java File,java,71,49,.16,1,Low,1,27,1,142,26,141,0,Peripheral,21,0,4,1,2403,0,.22222222,1,.25,126,0,.11267605,1,.11888112,1,1,19100,PlantVisorPRO/src/com/carel/supervisor/base/test/AllTests.java
fabio.boldrin,/trunk/src/developments/PlantVisorPRO/src/com/carel/supervisor/base/test/PrinterMgrTest.java,D,2009-04-02,08:18:14,3,67280,Java File,java,157,118,.12,10,Low,2,6,4,94,6,96,0,Peripheral,2,0,0,1,2403,0,.66666669,1,.75,47,2,.5,.5,.5,1,1,19101,PlantVisorPRO/src/com/carel/supervisor/base/test/PrinterMgrTest.java
fabio.boldrin,/trunk/src/developments/PlantVisorPRO/src/com/carel/supervisor/base/test/ReportCreatingTest.java,D,2009-04-02,08:18:14,3,36284,Java File,java,198,182,0,12,Medium,1,4,1,93,3,92,0,Peripheral,0,0,0,1,2403,0,1,1,1,46,0,.50537634,1,.5106383,1,1,19102,PlantVisorPRO/src/com/carel/supervisor/base/test/ReportCreatingTest.java
fabio.boldrin,/trunk/src/developments/PlantVisorPRO/src/com/carel/supervisor/base/test/TemplateMgrTest.java,D,2009-04-02,08:18:14,3,60053,Java File,java,102,91,.08,3,Low,1,5,1,45,4,44,0,Peripheral,1,0,0,1,2403,0,.80000001,1,.83333331,16,0,.64444447,1,.65217394,1,1,19103,PlantVisorPRO/src/com/carel/supervisor/base/test/TemplateMgrTest.java
fabio.boldrin,/trunk/src/developments/PlantVisorPRO/src/com/carel/supervisor/dataaccess/datalog/impl/ReportBean.java,M,2009-04-02,08:18:30,3,63882,Java File,java,131,109,0,1,Low,1,3,1,31,2,30,0,Peripheral,0,0,5,1,2403,0,1,1,1,26,0,.16129032,1,.1875,1,1,19105,PlantVisorPRO/src/com/carel/supervisor/dataaccess/datalog/impl/ReportBean.java
fabio.boldrin,/trunk/src/developments/PlantVisorPRO/src/com/carel/supervisor/dataaccess/datalog/impl/ReportBeanList.java,M,2009-04-02,08:18:30,3,56964,Java File,java,301,261,0,6,Low,1,12,1,58,11,57,0,Peripheral,5,0,5,1,2403,0,.58333331,1,.61538464,40,0,.31034482,1,.32203391,1,1,19106,PlantVisorPRO/src/com/carel/supervisor/dataaccess/datalog/impl/ReportBeanList.java
fabio.boldrin,/trunk/src/developments/PlantVisorPRO/src/com/carel/supervisor/dataaccess/dataconfig/LineInfoList.java,M,2009-04-02,08:18:37,3,33909,Java File,java,93,73,.1,3,Low,1,10,1,57,9,56,0,Peripheral,4,0,4,1,2403,0,.60000002,1,.63636363,44,0,.22807017,1,.24137931,1,1,19107,PlantVisorPRO/src/com/carel/supervisor/dataaccess/dataconfig/LineInfoList.java
fabio.boldrin,/trunk/src/developments/PlantVisorPRO/src/com/carel/supervisor/director/DirectorMgr.java,M,2009-04-02,08:18:59,3,112720,Java File,java,665,552,.06,15,Medium,1,46,1,290,45,289,0,Control,25,0,4,1,2403,0,.45652175,1,.46808511,209,0,.27931035,1,.28178695,1,1,19109,PlantVisorPRO/src/com/carel/supervisor/director/DirectorMgr.java
fabio.boldrin,/trunk/src/developments/PlantVisorPRO/src/com/carel/supervisor/director/report/PaddingReport.java,D,2009-04-02,08:18:59,3,69814,Java File,java,113,80,.23,11,Medium,2,4,20,125,4,143,0,Peripheral,0,0,35,1,2403,0,1,1,1,121,8,.032000002,.60000002,.11034483,1,1,19110,PlantVisorPRO/src/com/carel/supervisor/director/report/PaddingReport.java
fabio.boldrin,/trunk/src/developments/PlantVisorPRO/src/com/carel/supervisor/director/report/ReportInformation.java,D,2009-04-02,08:18:59,3,73686,Java File,java,74,54,.28,2,Low,1,2,1,2,1,1,0,Peripheral,0,0,4,1,2403,0,1,1,1,0,0,1,1,1,1,1,19111,PlantVisorPRO/src/com/carel/supervisor/director/report/ReportInformation.java
fabio.boldrin,/trunk/src/developments/PlantVisorPRO/src/com/carel/supervisor/director/report/ReportRequest.java,D,2009-04-02,08:18:59,3,34646,Java File,java,335,254,.2,11,Medium,1,11,1,124,10,123,0,Peripheral,8,0,35,1,2403,0,.27272728,1,.33333334,121,0,.024193548,1,.032000002,1,1,19112,PlantVisorPRO/src/com/carel/supervisor/director/report/ReportRequest.java
fabio.boldrin,/trunk/src/developments/PlantVisorPRO/src/com/carel/supervisor/director/report/ReportTest.java,D,2009-04-02,08:18:59,3,77942,Java File,java,51,38,.13,1,Low,1,7,1,127,6,126,0,Peripheral,3,0,35,1,2403,0,.5714286,1,.625,121,0,.047244094,1,.0546875,1,1,19113,PlantVisorPRO/src/com/carel/supervisor/director/report/ReportTest.java
fabio.boldrin,/trunk/src/developments/PlantVisorPRO/src/com/carel/supervisor/director/report/YReportCoordinates.java,D,2009-04-02,08:18:59,3,,Java File,java,85,73,.21,6,Low,1,1,1,1,0,0,0,Unconnected,,,,113,1,0,,,,,,,,,1,1,19114,PlantVisorPRO/src/com/carel/supervisor/director/report/YReportCoordinates.java
fabio.boldrin,/trunk/src/developments/PlantVisorPRO/src/com/carel/supervisor/field/dataconn/IDataConnector.java,M,2009-04-02,08:19:28,3,86887,Java File,java,22,17,.12,1,Low,1,5,1,120,4,119,0,Peripheral,0,0,4,1,2403,0,1,1,1,79,0,.34166667,1,.34710744,1,1,19116,PlantVisorPRO/src/com/carel/supervisor/field/dataconn/IDataConnector.java
fabio.boldrin,/trunk/src/developments/PlantVisorPRO/src/com/carel/supervisor/field/dataconn/impl/DataConnCAREL.java,M,2009-04-02,08:19:28,3,43779,Java File,java,736,563,.07,7,Low,2,29,2,126,29,126,0,Peripheral,10,0,4,1,2403,0,.65517241,1,.67741936,79,0,.37301588,1,.3828125,1,1,19117,PlantVisorPRO/src/com/carel/supervisor/field/dataconn/impl/DataConnCAREL.java
fabio.boldrin,/trunk/src/developments/PlantVisorPRO/src/com/carel/supervisor/presentation/logicdevice/LogicDevice.java,M,2009-04-02,08:19:52,3,109226,Java File,java,185,135,.05,4,Low,1,9,1,287,8,286,0,Control,2,0,6,1,2403,0,.77777779,1,.80000001,228,0,.20557491,1,.20833333,1,1,19119,PlantVisorPRO/src/com/carel/supervisor/presentation/logicdevice/LogicDevice.java
fabio.boldrin,/trunk/src/developments/PlantVisorPRO/src/com/carel/supervisor/dispatcher/action/DispatcherAction.java,M,2009-04-02,08:20:30,3,10092,Java File,java,403,325,.05,6,Low,1,13,1,153,12,152,0,Control,4,0,7,1,2403,0,.69230771,1,.71428573,88,0,.42483661,1,.42857143,1,1,19147,PlantVisorPRO/src/com/carel/supervisor/dispatcher/action/DispatcherAction.java
fabio.boldrin,/trunk/src/developments/PlantVisorPRO/src/com/carel/supervisor/dispatcher/action/EAction.java,M,2009-04-02,08:20:30,3,109651,Java File,java,264,207,.04,14,Medium,2,22,2,316,22,316,0,Control,3,0,7,1,2403,0,.86363637,1,.875,242,0,.23417722,1,.2389937,1,1,19148,PlantVisorPRO/src/com/carel/supervisor/dispatcher/action/EAction.java
fabio.boldrin,/trunk/src/developments/PlantVisorPRO/src/com/carel/supervisor/dispatcher/action/FAction.java,M,2009-04-02,08:20:30,3,32179,Java File,java,374,266,.12,9,Low,1,12,1,155,11,154,0,Control,3,0,7,1,2403,0,.75,1,.76923078,89,0,.42580646,1,.42948717,1,1,19149,PlantVisorPRO/src/com/carel/supervisor/dispatcher/action/FAction.java
fabio.boldrin,/trunk/src/developments/PlantVisorPRO/src/com/carel/supervisor/dispatcher/action/PAction.java,M,2009-04-02,08:20:30,3,106784,Java File,java,458,375,.05,26,High,2,19,4,311,19,313,0,Control,7,0,7,1,2403,0,.63157892,1,.66666669,241,0,.22508039,1,.23492064,1,1,19150,PlantVisorPRO/src/com/carel/supervisor/dispatcher/action/PAction.java
fabio.boldrin,/trunk/src/developments/PlantVisorPRO/src/com/carel/supervisor/dispatcher/bean/HSActionBeanList.java,M,2009-04-02,08:20:30,3,17348,Java File,java,198,161,.03,5,Low,1,11,1,82,10,81,0,Peripheral,4,0,7,1,2403,0,.63636363,1,.66666669,58,0,.29268292,1,.30120483,1,1,19151,PlantVisorPRO/src/com/carel/supervisor/dispatcher/bean/HSActionBeanList.java
fabio.boldrin,/trunk/src/developments/PlantVisorPRO/src/com/carel/supervisor/dispatcher/main/DispatcherFormatter.java,M,2009-04-02,08:20:30,3,97150,Java File,java,176,144,.04,12,Medium,1,9,1,153,8,152,0,Control,1,0,7,1,2403,0,.8888889,1,.89999998,88,0,.42483661,1,.42857143,1,1,19152,PlantVisorPRO/src/com/carel/supervisor/dispatcher/main/DispatcherFormatter.java
fabio.boldrin,/trunk/src/developments/PlantVisorPRO/src/com/carel/supervisor/dispatcher/main/DispatcherQueue.java,M,2009-04-02,08:20:30,3,84822,Java File,java,158,116,.12,9,Low,1,11,1,153,10,152,0,Control,1,0,7,1,2403,0,.90909094,1,.91666669,88,0,.42483661,1,.42857143,1,1,19153,PlantVisorPRO/src/com/carel/supervisor/dispatcher/main/DispatcherQueue.java
fabio.boldrin,/trunk/src/developments/PlantVisorPRO/src/com/carel/supervisor/presentation/bean/ReportBeanListPres.java,M,2009-04-02,08:20:30,3,49840,Java File,java,245,196,.01,10,Low,1,11,1,72,10,71,0,Peripheral,3,0,6,1,2403,0,.72727275,1,.75,59,0,.18055555,1,.19178082,1,1,19154,PlantVisorPRO/src/com/carel/supervisor/presentation/bean/ReportBeanListPres.java
fabio.boldrin,/trunk/src/developments/PlantVisorPRO/src/com/carel/supervisor/presentation/bo/BHsreport.java,M,2009-04-02,08:20:30,3,18724,Java File,java,135,116,0,8,Low,1,10,1,358,9,357,0,Control,3,0,6,1,2403,0,.69999999,1,.72727275,292,0,.18435754,1,.18662953,1,1,19155,PlantVisorPRO/src/com/carel/supervisor/presentation/bo/BHsreport.java
fabio.boldrin,/trunk/src/developments/PlantVisorPRO/src/com/carel/supervisor/presentation/bo/BReport.java,M,2009-04-02,08:20:30,3,59497,Java File,java,337,288,0,42,High,2,9,2,388,9,388,0,Control,5,0,6,1,2403,0,.44444445,1,.54545456,325,0,.16237113,1,.16666667,1,1,19156,PlantVisorPRO/src/com/carel/supervisor/presentation/bo/BReport.java
fabio.boldrin,/trunk/src/developments/PlantVisorPRO/src/com/carel/supervisor/presentation/bo/BReportConf.java,M,2009-04-02,08:20:30,3,36939,Java File,java,107,94,.02,12,Medium,2,7,2,292,7,292,0,Control,3,0,7,1,2403,0,.5714286,1,.66666669,266,0,.089041099,1,.095238097,1,1,19157,PlantVisorPRO/src/com/carel/supervisor/presentation/bo/BReportConf.java
fabio.boldrin,/trunk/src/developments/PlantVisorPRO/src/com/carel/supervisor/presentation/report/ReportBeanHelper.java,M,2009-04-02,08:20:30,3,83,Java File,java,153,119,.09,9,Low,1,9,1,303,8,302,0,Control,4,0,7,1,2403,0,.55555558,1,.60000002,235,0,.22442244,1,.22697368,1,1,19158,PlantVisorPRO/src/com/carel/supervisor/presentation/report/ReportBeanHelper.java
fabio.boldrin,/trunk/src/developments/PlantVisorPRO/src/com/carel/supervisor/presentation/bean/LogicDeviceBeanList.java,M,2009-04-02,08:20:51,3,70302,Java File,java,433,313,.22,7,Low,2,11,14,285,11,297,0,Control,2,0,5,1,2403,0,.81818181,1,.84615386,239,6,.16140351,.5714286,.18060201,1,1,19159,PlantVisorPRO/src/com/carel/supervisor/presentation/bean/LogicDeviceBeanList.java
fabio.boldrin,/trunk/src/developments/PlantVisorPRO/src/com/carel/supervisor/presentation/bean/LogicVariableBeanList.java,M,2009-04-02,08:20:51,3,88290,Java File,java,651,499,.16,10,Low,2,13,6,285,13,289,0,Control,4,0,5,1,2403,0,.69230771,1,.73333335,239,4,.16140351,.33333334,.16494845,1,1,19160,PlantVisorPRO/src/com/carel/supervisor/presentation/bean/LogicVariableBeanList.java
fabio.boldrin,/trunk/src/developments/PlantVisorPRO/src/com/carel/supervisor/presentation/bo/BSetAction.java,M,2009-04-02,08:21:03,3,62670,Java File,java,451,386,.09,53,Untestable,2,9,2,364,9,364,0,Control,4,0,5,1,2403,0,.55555558,1,.63636363,314,0,.13736264,1,.14207651,1,1,19161,PlantVisorPRO/src/com/carel/supervisor/presentation/bo/BSetAction.java
fabio.boldrin,/trunk/src/developments/PlantVisorPRO/src/com/carel/supervisor/presentation/bean/LineBean.java,M,2009-04-02,08:21:18,3,87172,Java File,java,161,133,0,1,Low,1,6,1,55,5,54,0,Peripheral,0,0,5,1,2403,0,1,1,1,37,0,.32727271,1,.3392857,1,1,19162,PlantVisorPRO/src/com/carel/supervisor/presentation/bean/LineBean.java
fabio.boldrin,/trunk/src/developments/PlantVisorPRO/src/com/carel/supervisor/presentation/bean/LineBeanList.java,M,2009-04-02,08:21:18,3,98377,Java File,java,631,495,.06,7,Low,2,22,16,391,22,405,3,Control,9,0,5,1,2403,11,.59090906,1,.625,317,8,.18925831,.5,.2014742,.875,.99012345,19163,PlantVisorPRO/src/com/carel/supervisor/presentation/bean/LineBeanList.java
fabio.boldrin,/trunk/src/developments/PlantVisorPRO/src/com/carel/supervisor/presentation/bo/BSetLine.java,M,2009-04-02,08:21:18,3,68145,Java File,java,274,211,.1,24,High,1,20,1,394,19,393,0,Control,7,0,5,1,2403,0,.64999998,1,.66666669,317,0,.19543147,1,.19746836,1,1,19164,PlantVisorPRO/src/com/carel/supervisor/presentation/bo/BSetLine.java
fabio.boldrin,/trunk/src/developments/PlantVisorPRO/src/com/carel/supervisor/presentation/bo/BSiteView.java,M,2009-04-02,08:21:18,3,91518,Java File,java,715,599,.05,45,High,2,35,2,399,35,399,0,Control,23,0,6,1,2403,0,.34285715,1,.37837839,334,0,.16290727,1,.16708229,1,1,19165,PlantVisorPRO/src/com/carel/supervisor/presentation/bo/BSiteView.java
fabio.boldrin,/trunk/src/developments/PlantVisorPRO/src/com/carel/supervisor/presentation/bo/helper/LineConfig.java,M,2009-04-02,08:21:18,3,37167,Java File,java,697,492,.24,30,High,1,29,1,392,28,391,0,Control,7,0,5,1,2403,0,.75862068,1,.76666665,317,0,.19132653,1,.19338423,1,1,19166,PlantVisorPRO/src/com/carel/supervisor/presentation/bo/helper/LineConfig.java
fabio.boldrin,/trunk/src/developments/PlantVisorPRO/src/com/carel/supervisor/presentation/bo/BLuciNotte.java,M,2009-04-02,08:21:49,3,90862,Java File,java,795,537,.21,50,High,2,14,2,303,14,303,0,Control,6,0,5,1,2403,0,.5714286,1,.625,243,0,.1980198,1,.20327869,1,1,19167,PlantVisorPRO/src/com/carel/supervisor/presentation/bo/BLuciNotte.java
fabio.boldrin,/trunk/src/developments/PlantVisorPRO/src/com/carel/supervisor/presentation/bo/BSystem.java,M,2009-04-02,08:22:02,3,32333,Java File,java,1491,1114,.14,111,Untestable,1,51,1,507,50,506,0,Control,25,0,7,1,2403,0,.50980395,1,.51923078,408,0,.19526628,1,.19685039,1,1,19168,PlantVisorPRO/src/com/carel/supervisor/presentation/bo/BSystem.java
riccardo.fantato,/trunk/src/developments/PlantVisorPRO/src/com/carel/supervisor/presentation/ide/DevMdlImport.java,D,2009-04-06,07:54:42,3,42432,Java File,java,680,529,.1,27,High,1,16,1,396,15,395,0,Control,11,0,0,1,2403,0,.3125,1,.35294119,335,0,.15404041,1,.15617129,1,1,19226,PlantVisorPRO/src/com/carel/supervisor/presentation/ide/DevMdlImport.java
riccardo.fantato,/trunk/src/developments/PlantVisorPRO/src/com/carel/supervisor/presentation/ide/VarMdlImport.java,D,2009-04-06,07:54:42,3,25809,Java File,java,714,580,.2,18,Medium,1,15,1,377,14,376,0,Control,11,0,0,1,2403,0,.26666668,1,.3125,317,0,.1591512,1,.16137566,1,1,19227,PlantVisorPRO/src/com/carel/supervisor/presentation/ide/VarMdlImport.java
riccardo.fantato,/trunk/src/developments/PlantVisorPRO/src/com/carel/supervisor/presentation/ide/VarUpdate.java,D,2009-04-06,07:54:42,3,92339,Java File,java,93,71,.03,5,Low,2,7,8,392,7,398,0,Control,0,0,5,1,2403,0,1,1,1,317,6,.19132653,.25,.1925,1,1,19228,PlantVisorPRO/src/com/carel/supervisor/presentation/ide/VarUpdate.java
fabio.boldrin,/trunk/src/developments/PlantVisorPRO/src/com/carel/supervisor/dataaccess/datalog/impl/HsReportBean.java,M,2009-04-07,15:20:59,3,104834,Java File,java,62,50,0,1,Low,1,3,1,31,2,30,0,Peripheral,0,0,5,1,2403,0,1,1,1,26,0,.16129032,1,.1875,1,1,19244,PlantVisorPRO/src/com/carel/supervisor/dataaccess/datalog/impl/HsReportBean.java
fabio.boldrin,/trunk/src/developments/PlantVisorPRO/src/com/carel/supervisor/dispatcher/action/DispatcherAction.java,M,2009-04-07,15:20:59,3,10092,Java File,java,403,325,.05,6,Low,1,13,1,153,12,152,0,Control,4,0,7,1,2403,0,.69230771,1,.71428573,88,0,.42483661,1,.42857143,1,1,19245,PlantVisorPRO/src/com/carel/supervisor/dispatcher/action/DispatcherAction.java
fabio.boldrin,/trunk/src/developments/PlantVisorPRO/src/com/carel/supervisor/dispatcher/action/PAction.java,M,2009-04-07,15:20:59,3,106784,Java File,java,458,375,.05,26,High,2,19,4,311,19,313,0,Control,7,0,7,1,2403,0,.63157892,1,.66666669,241,0,.22508039,1,.23492064,1,1,19246,PlantVisorPRO/src/com/carel/supervisor/dispatcher/action/PAction.java
fabio.boldrin,/trunk/src/developments/PlantVisorPRO/src/com/carel/supervisor/presentation/bean/ReportBeanListPres.java,M,2009-04-07,15:20:59,3,49840,Java File,java,245,196,.01,10,Low,1,11,1,72,10,71,0,Peripheral,3,0,6,1,2403,0,.72727275,1,.75,59,0,.18055555,1,.19178082,1,1,19247,PlantVisorPRO/src/com/carel/supervisor/presentation/bean/ReportBeanListPres.java
fabio.boldrin,/trunk/src/developments/PlantVisorPRO/src/com/carel/supervisor/presentation/bo/BHsreport.java,M,2009-04-07,15:20:59,3,18724,Java File,java,135,116,0,8,Low,1,10,1,358,9,357,0,Control,3,0,6,1,2403,0,.69999999,1,.72727275,292,0,.18435754,1,.18662953,1,1,19248,PlantVisorPRO/src/com/carel/supervisor/presentation/bo/BHsreport.java
simon.zhang,/trunk/src/developments/PlantVisorPRO/src/com/carel/supervisor/dataaccess/datalog/impl/AlarmLogList.java,M,2009-04-08,03:21:54,3,46717,Java File,java,441,350,.04,10,Low,2,8,594,53,8,645,0,Shared,6,0,6,1,2403,0,.25,1,.40000001,50,362,.056603774,.3905724,.36321485,1,1,19267,PlantVisorPRO/src/com/carel/supervisor/dataaccess/datalog/impl/AlarmLogList.java
simon.zhang,/trunk/src/developments/PlantVisorPRO/src/com/carel/supervisor/presentation/bean/search/SearchEvent.java,M,2009-04-08,05:01:24,3,16684,Java File,java,562,443,.05,15,Medium,1,20,1,288,19,287,0,Control,9,0,6,1,2403,0,.55000001,1,.5714286,226,0,.21527778,1,.21799308,1,1,19271,PlantVisorPRO/src/com/carel/supervisor/presentation/bean/search/SearchEvent.java
simon.zhang,/trunk/src/developments/PlantVisorPRO/src/com/carel/supervisor/presentation/events/EventList.java,M,2009-04-08,05:02:36,3,66516,Java File,java,366,304,.01,11,Medium,2,19,4,288,19,290,0,Control,8,0,6,1,2403,0,.57894737,1,.61904764,226,0,.21527778,1,.2260274,1,1,19272,PlantVisorPRO/src/com/carel/supervisor/presentation/events/EventList.java
simon.zhang,/trunk/src/developments/PlantVisorPRO/src/com/carel/supervisor/presentation/events/ParamsList.java,M,2009-04-08,05:02:36,3,56032,Java File,java,189,162,.01,5,Low,1,13,1,285,12,284,0,Control,5,0,6,1,2403,0,.61538464,1,.64285713,225,0,.21052632,1,.21328671,1,1,19273,PlantVisorPRO/src/com/carel/supervisor/presentation/events/ParamsList.java
luca.biolo,/branches/pvpro_bf_1.4/src/developments/PlantVisorPRO/src/com/carel/supervisor/base/printer/PrinterMgr.java,M,2009-04-08,10:12:01,3,98716,Java File,java,567,472,.06,26,High,2,18,107,91,18,196,0,Peripheral,6,0,0,1,2403,0,.66666669,1,.69999999,46,97,.49450549,.093457945,.27777779,1,1,19276,PlantVisorPRO/src/com/carel/supervisor/base/printer/PrinterMgr.java
nicola.compagno,/branches/pvpro_bf_1.4/src/developments/PlantVisorPRO/src/com/carel/supervisor/presentation/devices/ParamDetail.java,M,2009-04-08,14:09:25,3,61202,Java File,java,376,302,.03,11,Medium,1,17,1,285,16,284,0,Control,6,0,6,1,2403,0,.64705884,1,.66666669,225,0,.21052632,1,.21328671,1,1,19286,PlantVisorPRO/src/com/carel/supervisor/presentation/devices/ParamDetail.java
nicola.compagno,/trunk/src/developments/PlantVisorPRO/src/com/carel/supervisor/presentation/devices/ParamDetail.java,M,2009-04-08,14:12:05,3,61202,Java File,java,376,302,.03,11,Medium,1,17,1,285,16,284,0,Control,6,0,6,1,2403,0,.64705884,1,.66666669,225,0,.21052632,1,.21328671,1,1,19287,PlantVisorPRO/src/com/carel/supervisor/presentation/devices/ParamDetail.java
fabio.boldrin,/trunk/src/developments/PlantVisorPRO/src/supervisor/ServUpload.java,M,2009-04-09,07:04:29,3,93857,Java File,java,685,501,.15,45,High,2,28,2,507,28,507,0,Control,12,0,7,1,2403,0,.5714286,1,.60000002,408,0,.19526628,1,.19842829,1,1,19288,PlantVisorPRO/src/supervisor/ServUpload.java
fabio.boldrin,/trunk/src/developments/PlantVisorPRO/src/com/carel/supervisor/presentation/bo/BSystem.java,M,2009-04-09,07:04:30,3,32333,Java File,java,1491,1114,.14,111,Untestable,1,51,1,507,50,506,0,Control,25,0,7,1,2403,0,.50980395,1,.51923078,408,0,.19526628,1,.19685039,1,1,19289,PlantVisorPRO/src/com/carel/supervisor/presentation/bo/BSystem.java
kevin.ge,/trunk/src/developments/PlantVisorPRO/src/com/carel/supervisor/controller/setfield/SetContext.java,M,2009-04-15,05:26:07,3,5820,Java File,java,334,266,.11,6,Low,1,15,1,204,14,203,0,Control,5,0,4,1,2403,0,.66666669,1,.6875,145,0,.28921568,1,.29268292,1,1,19341,PlantVisorPRO/src/com/carel/supervisor/controller/setfield/SetContext.java
kevin.ge,/trunk/src/developments/PlantVisorPRO/src/com/carel/supervisor/controller/setfield/SetDequeuer.java,M,2009-04-15,05:26:07,3,34083,Java File,java,454,385,.15,22,High,2,20,480,209,20,687,3,Core,4,0,4,1,2403,5,.80000001,1,.81818181,145,418,.30622008,.12916666,.18287373,.875,.99417758,19342,PlantVisorPRO/src/com/carel/supervisor/controller/setfield/SetDequeuer.java
kevin.ge,/trunk/src/developments/PlantVisorPRO/src/com/carel/supervisor/dispatcher/book/DispatcherBook.java,M,2009-04-15,05:26:07,3,23167,Java File,java,111,91,.01,1,Low,1,3,1,31,2,30,0,Peripheral,0,0,5,1,2403,0,1,1,1,26,0,.16129032,1,.1875,1,1,19343,PlantVisorPRO/src/com/carel/supervisor/dispatcher/book/DispatcherBook.java
kevin.ge,/trunk/src/developments/PlantVisorPRO/src/com/carel/supervisor/dispatcher/book/DispatcherBookList.java,M,2009-04-15,05:26:07,3,39792,Java File,java,335,271,.03,6,Low,2,12,174,59,12,231,0,Shared,8,0,7,1,2403,0,.33333334,1,.42857143,54,85,.084745765,.51149428,.40343347,1,1,19344,PlantVisorPRO/src/com/carel/supervisor/dispatcher/book/DispatcherBookList.java
kevin.ge,/trunk/src/developments/PlantVisorPRO/src/com/carel/supervisor/dispatcher/engine/sound/DispWinAlarm.java,M,2009-04-15,05:26:07,3,42402,Java File,java,119,99,0,4,Low,1,10,1,87,9,86,0,Peripheral,4,0,7,1,2403,0,.60000002,1,.63636363,65,0,.25287357,1,.26136363,1,1,19345,PlantVisorPRO/src/com/carel/supervisor/dispatcher/engine/sound/DispWinAlarm.java
kevin.ge,/trunk/src/developments/PlantVisorPRO/src/com/carel/supervisor/dispatcher/main/DispatcherDQ.java,M,2009-04-15,05:26:07,3,105192,Java File,java,743,624,.04,28,High,2,37,170,152,37,320,24,Core,9,0,7,1,2403,7,.75675678,1,.76923078,88,85,.42105263,.5,.46273291,0,.85624999,19346,PlantVisorPRO/src/com/carel/supervisor/dispatcher/main/DispatcherDQ.java
kevin.ge,/trunk/src/developments/PlantVisorPRO/src/com/carel/supervisor/dispatcher/sim/DispSimMgr.java,M,2009-04-15,05:26:07,3,63473,Java File,java,445,380,.02,11,Medium,2,27,4,299,27,301,0,Control,8,0,7,1,2403,0,.7037037,1,.7241379,228,2,.2374582,.5,.24092409,1,1,19347,PlantVisorPRO/src/com/carel/supervisor/dispatcher/sim/DispSimMgr.java
kevin.ge,/trunk/src/developments/PlantVisorPRO/src/com/carel/supervisor/presentation/bean/rule/ActionBeanList.java,M,2009-04-15,05:26:07,3,88919,Java File,java,902,744,.06,23,High,1,21,1,91,20,90,0,Peripheral,9,0,5,1,2403,0,.5714286,1,.59090906,65,0,.2857143,1,.29347825,1,1,19348,PlantVisorPRO/src/com/carel/supervisor/presentation/bean/rule/ActionBeanList.java
kevin.ge,/trunk/src/developments/PlantVisorPRO/src/com/carel/supervisor/presentation/bean/rule/RelayBean.java,M,2009-04-15,05:26:07,3,70769,Java File,java,118,95,0,2,Low,1,4,1,32,3,31,0,Peripheral,0,0,5,1,2403,0,1,1,1,26,0,.1875,1,.21212122,1,1,19349,PlantVisorPRO/src/com/carel/supervisor/presentation/bean/rule/RelayBean.java
kevin.ge,/trunk/src/developments/PlantVisorPRO/src/com/carel/supervisor/presentation/bean/rule/RelayBeanList.java,M,2009-04-15,05:26:07,3,31709,Java File,java,290,243,.05,9,Low,1,21,1,286,20,285,0,Control,12,0,4,1,2403,0,.42857143,1,.45454547,207,0,.27622378,1,.27874565,1,1,19350,PlantVisorPRO/src/com/carel/supervisor/presentation/bean/rule/RelayBeanList.java
kevin.ge,/trunk/src/developments/PlantVisorPRO/src/com/carel/supervisor/presentation/bean/rule/RuleBeanHelper.java,M,2009-04-15,05:26:07,3,35796,Java File,java,264,222,.02,19,Medium,1,20,1,107,19,106,0,Peripheral,11,0,6,1,2403,0,.44999999,1,.47619048,90,0,.15887851,1,.16666667,1,1,19351,PlantVisorPRO/src/com/carel/supervisor/presentation/bean/rule/RuleBeanHelper.java
kevin.ge,/trunk/src/developments/PlantVisorPRO/src/com/carel/supervisor/presentation/bo/BActSched.java,M,2009-04-15,05:26:07,3,48560,Java File,java,360,283,.06,12,Medium,1,18,1,366,17,365,0,Control,10,0,6,1,2403,0,.44444445,1,.47368422,303,0,.17213115,1,.17438692,1,1,19352,PlantVisorPRO/src/com/carel/supervisor/presentation/bo/BActSched.java
kevin.ge,/trunk/src/developments/PlantVisorPRO/src/com/carel/supervisor/presentation/bo/BAlrSched.java,M,2009-04-15,05:26:07,3,85847,Java File,java,863,719,.04,33,High,2,26,2,367,26,367,0,Control,17,0,6,1,2403,0,.34615386,1,.39285713,304,0,.17166212,1,.17615177,1,1,19353,PlantVisorPRO/src/com/carel/supervisor/presentation/bo/BAlrSched.java
kevin.ge,/trunk/src/developments/PlantVisorPRO/src/com/carel/supervisor/presentation/io/CioEVT.java,M,2009-04-15,05:26:07,3,80476,Java File,java,93,81,0,5,Low,1,7,1,55,6,54,0,Peripheral,0,0,5,1,2403,0,1,1,1,37,0,.32727271,1,.3392857,1,1,19354,PlantVisorPRO/src/com/carel/supervisor/presentation/io/CioEVT.java
kevin.ge,/trunk/src/developments/PlantVisorPRO/src/com/carel/supervisor/presentation/io/CioFAX.java,M,2009-04-15,05:26:07,3,59941,Java File,java,164,142,.01,5,Low,1,10,1,164,9,163,0,Control,2,0,5,1,2403,0,.80000001,1,.81818181,138,0,.15853658,1,.16363636,1,1,19355,PlantVisorPRO/src/com/carel/supervisor/presentation/io/CioFAX.java
kevin.ge,/trunk/src/developments/PlantVisorPRO/src/com/carel/supervisor/presentation/io/CioRAS.java,M,2009-04-15,05:26:07,3,38543,Java File,java,37,30,0,3,Low,1,5,1,157,4,156,0,Control,2,0,27,1,2403,0,.60000002,1,.66666669,133,0,.15286624,1,.15822785,1,1,19356,PlantVisorPRO/src/com/carel/supervisor/presentation/io/CioRAS.java
kevin.ge,/trunk/src/developments/PlantVisorPRO/src/com/carel/supervisor/presentation/rule/EmailListBox.java,M,2009-04-15,05:26:07,3,99244,Java File,java,94,74,.04,5,Low,2,10,2,98,10,98,0,Peripheral,4,0,7,1,2403,0,.60000002,1,.66666669,71,0,.27551019,1,.28999999,1,1,19357,PlantVisorPRO/src/com/carel/supervisor/presentation/rule/EmailListBox.java
kevin.ge,/trunk/src/developments/PlantVisorPRO/src/com/carel/supervisor/presentation/rule/FaxListBox.java,M,2009-04-15,05:26:07,3,80647,Java File,java,118,92,.03,5,Low,1,13,1,169,12,168,0,Control,4,0,7,1,2403,0,.69230771,1,.71428573,99,0,.41420117,1,.41764706,1,1,19358,PlantVisorPRO/src/com/carel/supervisor/presentation/rule/FaxListBox.java
kevin.ge,/trunk/src/developments/PlantVisorPRO/src/com/carel/supervisor/presentation/rule/RemoteListBox.java,M,2009-04-15,05:26:07,3,36907,Java File,java,116,92,.03,5,Low,2,12,2,168,12,168,0,Control,4,0,7,1,2403,0,.66666669,1,.71428573,99,0,.4107143,1,.41764706,1,1,19359,PlantVisorPRO/src/com/carel/supervisor/presentation/rule/RemoteListBox.java
kevin.ge,/trunk/src/developments/PlantVisorPRO/src/com/carel/supervisor/presentation/rule/SmsListBox.java,M,2009-04-15,05:26:07,3,114140,Java File,java,114,92,.03,5,Low,1,13,1,169,12,168,0,Control,4,0,7,1,2403,0,.69230771,1,.71428573,99,0,.41420117,1,.41764706,1,1,19360,PlantVisorPRO/src/com/carel/supervisor/presentation/rule/SmsListBox.java
kevin.ge,/trunk/src/developments/PlantVisorPRO/src/com/carel/supervisor/presentation/widgets/table/htmlcreate/element/HTMLSimpleElement.java,M,2009-04-15,05:26:07,3,10741,Java File,java,50,41,.05,5,Low,1,3,1,3,2,2,0,Peripheral,0,0,6,1,2403,0,1,1,1,0,0,1,1,1,1,1,19361,PlantVisorPRO/src/com/carel/supervisor/presentation/widgets/table/htmlcreate/element/HTMLSimpleElement.java
kevin.ge,/trunk/src/developments/PlantVisorPRO/src/supervisor/Master.java,M,2009-04-15,05:26:07,3,96670,Java File,java,507,401,.07,40,High,1,17,1,475,16,474,0,Control,6,0,6,1,2403,0,.64705884,1,.66666669,400,0,.15789473,1,.15966387,1,1,19362,PlantVisorPRO/src/supervisor/Master.java
kevin.ge,/trunk/src/developments/PlantVisorPRO/src/com/carel/supervisor/presentation/bean/rule/RuleBeanHelper.java,M,2009-04-15,06:53:33,3,35796,Java File,java,264,222,.02,19,Medium,1,20,1,107,19,106,0,Peripheral,11,0,6,1,2403,0,.44999999,1,.47619048,90,0,.15887851,1,.16666667,1,1,19383,PlantVisorPRO/src/com/carel/supervisor/presentation/bean/rule/RuleBeanHelper.java
fabio.boldrin,/branches/pvpro_bf_1.4/src/developments/PlantVisorPRO/src/com/carel/supervisor/presentation/bean/DeviceListBean.java,M,2009-04-15,11:56:55,3,57825,Java File,java,918,764,.04,13,Medium,1,20,1,298,19,297,0,Control,14,0,5,1,2403,0,.30000001,1,.33333334,253,0,.15100671,1,.15384616,1,1,19384,PlantVisorPRO/src/com/carel/supervisor/presentation/bean/DeviceListBean.java
simon.zhang,/trunk/src/developments/PlantVisorPRO/src/com/carel/supervisor/presentation/dbllistbox/DblListBox.java,M,2009-04-16,01:17:14,3,30071,Java File,java,335,259,.05,10,Low,2,2,14,2,2,14,0,Peripheral,0,0,7,1,2403,0,1,1,1,0,2,1,.85714287,.875,1,1,19404,PlantVisorPRO/src/com/carel/supervisor/presentation/dbllistbox/DblListBox.java
simon.zhang,/trunk/src/developments/PlantVisorPRO/src/com/carel/supervisor/presentation/report/ReportBeanHelper.java,M,2009-04-16,01:17:14,3,83,Java File,java,153,119,.09,9,Low,1,9,1,303,8,302,0,Control,4,0,7,1,2403,0,.55555558,1,.60000002,235,0,.22442244,1,.22697368,1,1,19405,PlantVisorPRO/src/com/carel/supervisor/presentation/report/ReportBeanHelper.java
kevin.ge,/trunk/src/developments/PlantVisorPRO/src/com/carel/supervisor/presentation/dbllistbox/DblListBox.java,M,2009-04-16,07:51:47,3,30071,Java File,java,335,259,.05,10,Low,2,2,14,2,2,14,0,Peripheral,0,0,7,1,2403,0,1,1,1,0,2,1,.85714287,.875,1,1,19410,PlantVisorPRO/src/com/carel/supervisor/presentation/dbllistbox/DblListBox.java
kevin.ge,/trunk/src/developments/PlantVisorPRO/src/com/carel/supervisor/presentation/rule/EmailListBox.java,M,2009-04-16,07:51:47,3,99244,Java File,java,94,74,.04,5,Low,2,10,2,98,10,98,0,Peripheral,4,0,7,1,2403,0,.60000002,1,.66666669,71,0,.27551019,1,.28999999,1,1,19411,PlantVisorPRO/src/com/carel/supervisor/presentation/rule/EmailListBox.java
kevin.ge,/trunk/src/developments/PlantVisorPRO/src/com/carel/supervisor/presentation/rule/FaxListBox.java,M,2009-04-16,07:51:47,3,80647,Java File,java,118,92,.03,5,Low,1,13,1,169,12,168,0,Control,4,0,7,1,2403,0,.69230771,1,.71428573,99,0,.41420117,1,.41764706,1,1,19412,PlantVisorPRO/src/com/carel/supervisor/presentation/rule/FaxListBox.java
kevin.ge,/trunk/src/developments/PlantVisorPRO/src/com/carel/supervisor/presentation/rule/RemoteListBox.java,M,2009-04-16,07:51:47,3,36907,Java File,java,116,92,.03,5,Low,2,12,2,168,12,168,0,Control,4,0,7,1,2403,0,.66666669,1,.71428573,99,0,.4107143,1,.41764706,1,1,19413,PlantVisorPRO/src/com/carel/supervisor/presentation/rule/RemoteListBox.java
kevin.ge,/trunk/src/developments/PlantVisorPRO/src/com/carel/supervisor/presentation/rule/SmsListBox.java,M,2009-04-16,07:51:47,3,114140,Java File,java,114,92,.03,5,Low,1,13,1,169,12,168,0,Control,4,0,7,1,2403,0,.69230771,1,.71428573,99,0,.41420117,1,.41764706,1,1,19414,PlantVisorPRO/src/com/carel/supervisor/presentation/rule/SmsListBox.java
kevin.ge,/trunk/src/developments/PlantVisorPRO/src/com/carel/supervisor/dataaccess/datalog/impl/ConditionBean.java,M,2009-04-17,04:25:41,3,24055,Java File,java,149,120,.07,5,Low,1,7,1,52,6,51,0,Peripheral,1,0,5,1,2403,0,.85714287,1,.875,37,0,.28846154,1,.3018868,1,1,19425,PlantVisorPRO/src/com/carel/supervisor/dataaccess/datalog/impl/ConditionBean.java
kevin.ge,/trunk/src/developments/PlantVisorPRO/src/com/carel/supervisor/dataaccess/datalog/impl/ConditionBeanList.java,M,2009-04-17,04:25:41,3,16881,Java File,java,862,708,.02,12,Medium,1,19,1,91,18,90,0,Peripheral,6,0,5,1,2403,0,.68421054,1,.69999999,61,0,.32967034,1,.33695653,1,1,19426,PlantVisorPRO/src/com/carel/supervisor/dataaccess/datalog/impl/ConditionBeanList.java
kevin.ge,/trunk/src/developments/PlantVisorPRO/src/com/carel/supervisor/presentation/bean/rule/RuleBeanHelper.java,M,2009-04-17,04:25:41,3,35796,Java File,java,264,222,.02,19,Medium,1,20,1,107,19,106,0,Peripheral,11,0,6,1,2403,0,.44999999,1,.47619048,90,0,.15887851,1,.16666667,1,1,19427,PlantVisorPRO/src/com/carel/supervisor/presentation/bean/rule/RuleBeanHelper.java
luca.biolo,/trunk/src/developments/PlantVisorPRO/src/com/carel/supervisor/presentation/bo/BSiteView.java,M,2009-04-17,07:20:25,3,91518,Java File,java,715,599,.05,45,High,2,35,2,399,35,399,0,Control,23,0,6,1,2403,0,.34285715,1,.37837839,334,0,.16290727,1,.16708229,1,1,19430,PlantVisorPRO/src/com/carel/supervisor/presentation/bo/BSiteView.java
riccardo.fantato,/branches/pvpro_bf_1.4/src/developments/c_source/pvproembedded_postgresxx/debug_build/sql/localeAdvancedSTD.sql,M,2009-04-17,08:26:45,3,10205,Pascal File,sql,8,5,.4,0,Low,1,2,1,2,1,1,0,Secondary network,0,0,33,14,6,0,1,1,1,0,0,1,1,1,1,1,19432,c_source/pvproembedded_postgresxx/debug_build/sql/localeAdvancedSTD.sql
riccardo.fantato,/branches/pvpro_bf_1.4/src/developments/c_source/pvproembedded_postgresxx/debug_build/sql/localeAdvancedVAR.sql,M,2009-04-17,08:26:45,3,12002,Pascal File,sql,10,6,.33,0,Low,1,2,1,2,1,1,0,Secondary network,0,0,33,14,6,0,1,1,1,0,0,1,1,1,1,1,19433,c_source/pvproembedded_postgresxx/debug_build/sql/localeAdvancedVAR.sql
riccardo.fantato,/branches/pvpro_bf_1.4/src/developments/c_source/pvproembedded_postgresxx/debug_build/sql/localeBasicSTD.sql,M,2009-04-17,08:26:45,3,57430,Pascal File,sql,8,5,.4,0,Low,6,1,6,1,5,5,0,Secondary network,0,0,33,14,6,0,1,1,1,0,0,1,1,1,1,1,19434,c_source/pvproembedded_postgresxx/debug_build/sql/localeBasicSTD.sql
riccardo.fantato,/branches/pvpro_bf_1.4/src/developments/c_source/pvproembedded_postgresxx/debug_build/sql/localeBasicVAR.sql,M,2009-04-17,08:26:45,3,3772,Pascal File,sql,10,6,.33,0,Low,1,2,1,2,1,1,0,Secondary network,0,0,33,14,6,0,1,1,1,0,0,1,1,1,1,1,19435,c_source/pvproembedded_postgresxx/debug_build/sql/localeBasicVAR.sql
riccardo.fantato,/branches/pvpro_bf_1.4/src/developments/c_source/pvproembedded_postgresxx/debug_build/sql/localeSmallSTD.sql,M,2009-04-17,08:26:45,3,29353,Pascal File,sql,8,5,.4,0,Low,1,2,1,2,1,1,0,Secondary network,0,0,33,14,6,0,1,1,1,0,0,1,1,1,1,1,19436,c_source/pvproembedded_postgresxx/debug_build/sql/localeSmallSTD.sql
riccardo.fantato,/branches/pvpro_bf_1.4/src/developments/c_source/pvproembedded_postgresxx/debug_build/sql/localeSmallVAR.sql,M,2009-04-17,08:26:45,3,32868,Pascal File,sql,10,6,.33,0,Low,1,2,1,2,1,1,0,Secondary network,0,0,33,14,6,0,1,1,1,0,0,1,1,1,1,1,19437,c_source/pvproembedded_postgresxx/debug_build/sql/localeSmallVAR.sql
kevin.ge,/trunk/src/developments/PlantVisorPRO/src/com/carel/supervisor/presentation/bean/rule/RuleBeanHelper.java,M,2009-04-20,05:07:00,3,35796,Java File,java,264,222,.02,19,Medium,1,20,1,107,19,106,0,Peripheral,11,0,6,1,2403,0,.44999999,1,.47619048,90,0,.15887851,1,.16666667,1,1,19489,PlantVisorPRO/src/com/carel/supervisor/presentation/bean/rule/RuleBeanHelper.java
nicola.compagno,/branches/pvpro_bf_1.4/src/developments/PlantVisorPRO/src/com/carel/supervisor/presentation/bo/BDevDetail.java,M,2009-04-20,11:31:40,3,77750,Java File,java,954,768,.14,63,Untestable,2,28,28,374,28,400,0,Control,14,0,5,1,2403,0,.5,1,.53333336,316,15,.15508021,.4642857,.17661692,1,1,19498,PlantVisorPRO/src/com/carel/supervisor/presentation/bo/BDevDetail.java
nicola.compagno,/branches/pvpro_bf_1.4/src/developments/PlantVisorPRO/src/com/carel/supervisor/presentation/bo/BSetLine.java,M,2009-04-20,11:31:40,3,68145,Java File,java,274,211,.1,24,High,1,20,1,394,19,393,0,Control,7,0,5,1,2403,0,.64999998,1,.66666669,317,0,.19543147,1,.19746836,1,1,19499,PlantVisorPRO/src/com/carel/supervisor/presentation/bo/BSetLine.java
nicola.compagno,/branches/pvpro_bf_1.4/src/developments/PlantVisorPRO/src/com/carel/supervisor/presentation/bo/BSiteView.java,M,2009-04-20,11:31:40,3,91518,Java File,java,715,599,.05,45,High,2,35,2,399,35,399,0,Control,23,0,6,1,2403,0,.34285715,1,.37837839,334,0,.16290727,1,.16708229,1,1,19500,PlantVisorPRO/src/com/carel/supervisor/presentation/bo/BSiteView.java
nicola.compagno,/branches/pvpro_bf_1.4/src/developments/PlantVisorPRO/src/com/carel/supervisor/presentation/bo/helper/VarDetailHelper.java,M,2009-04-20,11:31:40,3,4252,Java File,java,405,338,.06,20,Medium,1,13,1,89,12,88,0,Peripheral,7,0,6,1,2403,0,.46153846,1,.5,79,0,.11235955,1,.12222222,1,1,19501,PlantVisorPRO/src/com/carel/supervisor/presentation/bo/helper/VarDetailHelper.java
nicola.compagno,/trunk/src/developments/PlantVisorPRO/src/com/carel/supervisor/presentation/bo/BDevDetail.java,M,2009-04-20,12:30:32,3,77750,Java File,java,954,768,.14,63,Untestable,2,28,28,374,28,400,0,Control,14,0,5,1,2403,0,.5,1,.53333336,316,15,.15508021,.4642857,.17661692,1,1,19508,PlantVisorPRO/src/com/carel/supervisor/presentation/bo/BDevDetail.java
nicola.compagno,/trunk/src/developments/PlantVisorPRO/src/com/carel/supervisor/presentation/bo/BSetLine.java,M,2009-04-20,12:30:32,3,68145,Java File,java,274,211,.1,24,High,1,20,1,394,19,393,0,Control,7,0,5,1,2403,0,.64999998,1,.66666669,317,0,.19543147,1,.19746836,1,1,19509,PlantVisorPRO/src/com/carel/supervisor/presentation/bo/BSetLine.java
nicola.compagno,/trunk/src/developments/PlantVisorPRO/src/com/carel/supervisor/presentation/bo/BSiteView.java,M,2009-04-20,12:30:32,3,91518,Java File,java,715,599,.05,45,High,2,35,2,399,35,399,0,Control,23,0,6,1,2403,0,.34285715,1,.37837839,334,0,.16290727,1,.16708229,1,1,19510,PlantVisorPRO/src/com/carel/supervisor/presentation/bo/BSiteView.java
nicola.compagno,/trunk/src/developments/PlantVisorPRO/src/com/carel/supervisor/presentation/bo/helper/VarDetailHelper.java,M,2009-04-20,12:30:32,3,4252,Java File,java,405,338,.06,20,Medium,1,13,1,89,12,88,0,Peripheral,7,0,6,1,2403,0,.46153846,1,.5,79,0,.11235955,1,.12222222,1,1,19511,PlantVisorPRO/src/com/carel/supervisor/presentation/bo/helper/VarDetailHelper.java
kevin.ge,/trunk/src/developments/PlantVisorPRO/src/com/carel/supervisor/dispatcher/engine/sound/DispWinAlarm.java,M,2009-04-21,08:01:03,3,42402,Java File,java,119,99,0,4,Low,1,10,1,87,9,86,0,Peripheral,4,0,7,1,2403,0,.60000002,1,.63636363,65,0,.25287357,1,.26136363,1,1,19522,PlantVisorPRO/src/com/carel/supervisor/dispatcher/engine/sound/DispWinAlarm.java
kevin.ge,/trunk/src/developments/PlantVisorPRO/src/com/carel/supervisor/dispatcher/sim/DispSimMgr.java,M,2009-04-21,08:01:03,3,63473,Java File,java,445,380,.02,11,Medium,2,27,4,299,27,301,0,Control,8,0,7,1,2403,0,.7037037,1,.7241379,228,2,.2374582,.5,.24092409,1,1,19523,PlantVisorPRO/src/com/carel/supervisor/dispatcher/sim/DispSimMgr.java
kevin.ge,/trunk/src/developments/PlantVisorPRO/src/com/carel/supervisor/presentation/bean/rule/RuleBeanHelper.java,M,2009-04-21,08:01:03,3,35796,Java File,java,264,222,.02,19,Medium,1,20,1,107,19,106,0,Peripheral,11,0,6,1,2403,0,.44999999,1,.47619048,90,0,.15887851,1,.16666667,1,1,19524,PlantVisorPRO/src/com/carel/supervisor/presentation/bean/rule/RuleBeanHelper.java
kevin.ge,/trunk/src/developments/PlantVisorPRO/src/com/carel/supervisor/presentation/io/CioEVT.java,M,2009-04-21,08:01:03,3,80476,Java File,java,93,81,0,5,Low,1,7,1,55,6,54,0,Peripheral,0,0,5,1,2403,0,1,1,1,37,0,.32727271,1,.3392857,1,1,19525,PlantVisorPRO/src/com/carel/supervisor/presentation/io/CioEVT.java
nicola.compagno,/branches/pvpro_bf_1.4/src/developments/PlantVisorPRO/src/com/carel/supervisor/presentation/kpi/KpiMgr.java,M,2009-04-21,13:04:51,3,9824,Java File,java,914,808,.09,52,Untestable,1,7,1,51,6,50,0,Peripheral,1,0,5,1,2403,0,.85714287,1,.875,36,0,.29411766,1,.30769232,1,1,19534,PlantVisorPRO/src/com/carel/supervisor/presentation/kpi/KpiMgr.java
nicola.compagno,/trunk/src/developments/PlantVisorPRO/src/com/carel/supervisor/presentation/kpi/KpiMgr.java,M,2009-04-21,13:08:41,3,9824,Java File,java,914,808,.09,52,Untestable,1,7,1,51,6,50,0,Peripheral,1,0,5,1,2403,0,.85714287,1,.875,36,0,.29411766,1,.30769232,1,1,19535,PlantVisorPRO/src/com/carel/supervisor/presentation/kpi/KpiMgr.java
nicola.compagno,/branches/pvpro_bf_1.4/src/developments/PlantVisorPRO/src/com/carel/supervisor/presentation/assistance/GuardianConfig.java,M,2009-04-21,15:02:28,3,92035,Java File,java,384,321,.04,11,Medium,2,16,39,168,16,205,0,Control,4,0,7,1,2403,0,.75,1,.77777779,100,31,.40476191,.20512821,.36714977,1,1,19536,PlantVisorPRO/src/com/carel/supervisor/presentation/assistance/GuardianConfig.java
nicola.compagno,/trunk/src/developments/PlantVisorPRO/src/com/carel/supervisor/presentation/assistance/GuardianConfig.java,M,2009-04-21,15:06:49,3,92035,Java File,java,384,321,.04,11,Medium,2,16,39,168,16,205,0,Control,4,0,7,1,2403,0,.75,1,.77777779,100,31,.40476191,.20512821,.36714977,1,1,19537,PlantVisorPRO/src/com/carel/supervisor/presentation/assistance/GuardianConfig.java
simon.zhang,/trunk/src/developments/PlantVisorPRO/src/com/carel/supervisor/presentation/dbllistbox/DblListBox.java,M,2009-04-22,00:48:25,3,30071,Java File,java,335,259,.05,10,Low,2,2,14,2,2,14,0,Peripheral,0,0,7,1,2403,0,1,1,1,0,2,1,.85714287,.875,1,1,19547,PlantVisorPRO/src/com/carel/supervisor/presentation/dbllistbox/DblListBox.java
simon.zhang,/trunk/src/developments/PlantVisorPRO/src/com/carel/supervisor/presentation/report/ReportBeanHelper.java,M,2009-04-22,00:48:25,3,83,Java File,java,153,119,.09,9,Low,1,9,1,303,8,302,0,Control,4,0,7,1,2403,0,.55555558,1,.60000002,235,0,.22442244,1,.22697368,1,1,19548,PlantVisorPRO/src/com/carel/supervisor/presentation/report/ReportBeanHelper.java
kevin.ge,/trunk/src/developments/PlantVisorPRO/src/com/carel/supervisor/presentation/bean/rule/RuleBeanHelper.java,M,2009-04-22,07:06:24,3,35796,Java File,java,264,222,.02,19,Medium,1,20,1,107,19,106,0,Peripheral,11,0,6,1,2403,0,.44999999,1,.47619048,90,0,.15887851,1,.16666667,1,1,19549,PlantVisorPRO/src/com/carel/supervisor/presentation/bean/rule/RuleBeanHelper.java
kevin.ge,/trunk/src/developments/PlantVisorPRO/src/com/carel/supervisor/presentation/widgets/table/htmlcreate/element/HTMLSimpleElement.java,M,2009-04-22,07:31:30,3,10741,Java File,java,50,41,.05,5,Low,1,3,1,3,2,2,0,Peripheral,0,0,6,1,2403,0,1,1,1,0,0,1,1,1,1,1,19550,PlantVisorPRO/src/com/carel/supervisor/presentation/widgets/table/htmlcreate/element/HTMLSimpleElement.java
kevin.ge,/trunk/src/developments/PlantVisorPRO/src/com/carel/supervisor/presentation/bean/rule/RuleBeanHelper.java,M,2009-04-22,08:10:58,3,35796,Java File,java,264,222,.02,19,Medium,1,20,1,107,19,106,0,Peripheral,11,0,6,1,2403,0,.44999999,1,.47619048,90,0,.15887851,1,.16666667,1,1,19551,PlantVisorPRO/src/com/carel/supervisor/presentation/bean/rule/RuleBeanHelper.java
kevin.ge,/trunk/src/developments/PlantVisorPRO/src/com/carel/supervisor/presentation/widgets/table/htmlcreate/element/HTMLSimpleElement.java,M,2009-04-22,08:10:58,3,10741,Java File,java,50,41,.05,5,Low,1,3,1,3,2,2,0,Peripheral,0,0,6,1,2403,0,1,1,1,0,0,1,1,1,1,1,19552,PlantVisorPRO/src/com/carel/supervisor/presentation/widgets/table/htmlcreate/element/HTMLSimpleElement.java
andrea.rana,/trunk/src/developments/c_source/pvproshell/PVShell/PVShell.cpp,M,2009-04-22,09:05:24,3,67783,C Code File,cpp,245,166,.09,7,Low,1,2,1,2,1,1,0,Secondary network,0,0,30,10,13,0,1,1,1,0,0,1,1,1,1,1,19572,c_source/pvproshell/PVShell/PVShell.cpp
andrea.rana,/trunk/src/developments/c_source/pvproshell/PVShell/PVShell.h,M,2009-04-22,09:05:24,3,5953,C Header File,h,42,8,2.12,0,Low,3,1,3,1,2,2,0,Secondary network,0,0,30,10,13,0,1,1,1,0,0,1,1,1,1,1,19573,c_source/pvproshell/PVShell/PVShell.h
andrea.rana,/trunk/src/developments/c_source/pvproshell/PVShell/resource.h,M,2009-04-22,09:05:24,3,,C Header File,h,32,0,0,0,Low,1,1,1,1,0,0,0,Unconnected,,,,319,1,0,,,,,,,,,1,1,19579,c_source/pvproshell/PVShell/resource.h
andrea.rana,/trunk/src/developments/c_source/pvproshell/PVShell2/PVShell2.cpp,M,2009-04-22,09:05:24,3,58066,C Code File,cpp,87,34,.79,4,Low,1,3,1,4,2,3,0,Secondary network,0,0,30,10,13,0,1,1,1,0,0,1,1,1,1,1,19582,c_source/pvproshell/PVShell2/PVShell2.cpp
andrea.rana,/trunk/src/developments/c_source/pvproshell/PVShell2/PVShell2Dlg.cpp,M,2009-04-22,09:05:24,3,7090,C Code File,cpp,1536,1124,.1,19,Medium,1,9,1,9,8,8,0,Secondary network,0,0,30,10,13,0,1,1,1,0,0,1,1,1,1,1,19584,c_source/pvproshell/PVShell2/PVShell2Dlg.cpp
andrea.rana,/trunk/src/developments/c_source/pvproshell/PVShell2/PVShell2Dlg.h,M,2009-04-22,09:05:24,3,7094,C Header File,h,142,102,.13,1,Low,3,2,3,2,3,3,0,Secondary network,0,0,30,10,13,0,1,1,1,0,0,1,1,1,1,1,19585,c_source/pvproshell/PVShell2/PVShell2Dlg.h
andrea.rana,/trunk/src/developments/c_source/pvproshell/PVShell2/UserMan.cpp,M,2009-04-22,09:05:24,3,6523,C Code File,cpp,236,177,.24,6,Low,1,2,1,2,1,1,0,Secondary network,0,0,30,10,13,0,1,1,1,0,0,1,1,1,1,1,19586,c_source/pvproshell/PVShell2/UserMan.cpp
manuel.gilioli,/trunk/src/developments/PlantVisorPRO/src/com/carel/supervisor/presentation/bo/BReport.java,M,2009-04-22,10:30:48,3,59497,Java File,java,337,288,0,42,High,2,9,2,388,9,388,0,Control,5,0,6,1,2403,0,.44444445,1,.54545456,325,0,.16237113,1,.16666667,1,1,19589,PlantVisorPRO/src/com/carel/supervisor/presentation/bo/BReport.java
andrea.rana,/trunk/src/developments/c_source/pvproshell/PVShell2/PVShell2Dlg.cpp,M,2009-04-22,14:30:35,3,7090,C Code File,cpp,1536,1124,.1,19,Medium,1,9,1,9,8,8,0,Secondary network,0,0,30,10,13,0,1,1,1,0,0,1,1,1,1,1,19597,c_source/pvproshell/PVShell2/PVShell2Dlg.cpp
manuel.gilioli,/trunk/src/developments/PlantVisorPRO/src/com/carel/supervisor/presentation/bean/VarMdlBeanList.java,M,2009-04-23,12:48:39,3,58710,Java File,java,89,66,0,2,Low,1,5,1,52,4,51,0,Peripheral,0,0,5,1,2403,0,1,1,1,36,0,.30769232,1,.32075471,1,1,19606,PlantVisorPRO/src/com/carel/supervisor/presentation/bean/VarMdlBeanList.java
manuel.gilioli,/trunk/src/developments/PlantVisorPRO/src/com/carel/supervisor/dataaccess/datalog/impl/VarphyBeanList.java,M,2009-04-23,12:48:55,3,29828,Java File,java,642,531,.01,5,Low,1,11,1,81,10,80,0,Peripheral,9,0,6,1,2403,0,.18181819,1,.25,77,0,.049382716,1,.060975611,1,1,19607,PlantVisorPRO/src/com/carel/supervisor/dataaccess/datalog/impl/VarphyBeanList.java
andrea.rana,/trunk/src/developments/c_source/pvproshell/PVShell/PVShell.cpp,M,2009-04-23,13:25:31,3,67783,C Code File,cpp,245,166,.09,7,Low,1,2,1,2,1,1,0,Secondary network,0,0,30,10,13,0,1,1,1,0,0,1,1,1,1,1,19613,c_source/pvproshell/PVShell/PVShell.cpp
andrea.rana,/trunk/src/developments/c_source/pvproshell/PVShell/PVShell.h,M,2009-04-23,13:25:31,3,5953,C Header File,h,42,8,2.12,0,Low,3,1,3,1,2,2,0,Secondary network,0,0,30,10,13,0,1,1,1,0,0,1,1,1,1,1,19614,c_source/pvproshell/PVShell/PVShell.h
andrea.rana,/trunk/src/developments/c_source/pvproshell/PVShell/resource.h,M,2009-04-23,13:25:31,3,,C Header File,h,32,0,0,0,Low,1,1,1,1,0,0,0,Unconnected,,,,319,1,0,,,,,,,,,1,1,19619,c_source/pvproshell/PVShell/resource.h
andrea.rana,/trunk/src/developments/c_source/pvproshell/PVShell2/PVShell2Dlg.cpp,M,2009-04-23,13:25:31,3,7090,C Code File,cpp,1536,1124,.1,19,Medium,1,9,1,9,8,8,0,Secondary network,0,0,30,10,13,0,1,1,1,0,0,1,1,1,1,1,19622,c_source/pvproshell/PVShell2/PVShell2Dlg.cpp
andrea.rana,/trunk/src/developments/c_source/pvproshell/PVShell2/PVShell2Dlg.h,M,2009-04-23,13:25:31,3,7094,C Header File,h,142,102,.13,1,Low,3,2,3,2,3,3,0,Secondary network,0,0,30,10,13,0,1,1,1,0,0,1,1,1,1,1,19623,c_source/pvproshell/PVShell2/PVShell2Dlg.h
manuel.gilioli,/trunk/src/developments/PlantVisorPRO/src/com/carel/supervisor/presentation/bean/DevMdlBeanList.java,M,2009-04-23,15:06:17,3,71127,Java File,java,94,80,0,2,Low,1,6,1,52,5,51,0,Peripheral,0,0,5,1,2403,0,1,1,1,36,0,.30769232,1,.32075471,1,1,19628,PlantVisorPRO/src/com/carel/supervisor/presentation/bean/DevMdlBeanList.java
manuel.gilioli,/trunk/src/developments/PlantVisorPRO/src/com/carel/supervisor/presentation/bean/DeviceListBean.java,M,2009-04-23,15:58:35,3,57825,Java File,java,918,764,.04,13,Medium,1,20,1,298,19,297,0,Control,14,0,5,1,2403,0,.30000001,1,.33333334,253,0,.15100671,1,.15384616,1,1,19630,PlantVisorPRO/src/com/carel/supervisor/presentation/bean/DeviceListBean.java
manuel.gilioli,/trunk/src/developments/PlantVisorPRO/src/com/carel/supervisor/presentation/bo/BReport.java,M,2009-04-23,15:59:02,3,59497,Java File,java,337,288,0,42,High,2,9,2,388,9,388,0,Control,5,0,6,1,2403,0,.44444445,1,.54545456,325,0,.16237113,1,.16666667,1,1,19631,PlantVisorPRO/src/com/carel/supervisor/presentation/bo/BReport.java
manuel.gilioli,/trunk/src/developments/PlantVisorPRO/src/com/carel/supervisor/dataaccess/datalog/impl/VarphyBeanList.java,M,2009-04-24,08:21:56,3,29828,Java File,java,642,531,.01,5,Low,1,11,1,81,10,80,0,Peripheral,9,0,6,1,2403,0,.18181819,1,.25,77,0,.049382716,1,.060975611,1,1,19632,PlantVisorPRO/src/com/carel/supervisor/dataaccess/datalog/impl/VarphyBeanList.java
manuel.gilioli,/trunk/src/developments/PlantVisorPRO/src/com/carel/supervisor/presentation/bo/BReport.java,M,2009-04-24,08:21:56,3,59497,Java File,java,337,288,0,42,High,2,9,2,388,9,388,0,Control,5,0,6,1,2403,0,.44444445,1,.54545456,325,0,.16237113,1,.16666667,1,1,19633,PlantVisorPRO/src/com/carel/supervisor/presentation/bo/BReport.java
riccardo.fantato,/trunk/src/developments/applications/guardian/src/com/carel/supervisor/guardian/feedback/Reboot.java,M,2009-04-24,08:49:24,3,70882,Java File,java,126,102,.09,7,Low,1,11,1,23,10,22,0,Peripheral,0,0,3,1,2403,0,1,1,1,0,0,1,1,1,1,1,19634,applications/guardian/src/com/carel/supervisor/guardian/feedback/Reboot.java
riccardo.fantato,/trunk/src/developments/PlantVisorPRO/src/com/carel/supervisor/dispatcher/tech/reboot/Reboot.java,M,2009-04-24,08:49:24,3,94787,Java File,java,54,45,0,7,Low,1,5,1,350,4,349,0,Control,2,0,7,1,2403,0,.60000002,1,.66666669,270,0,.22857143,1,.23076923,1,1,19635,PlantVisorPRO/src/com/carel/supervisor/dispatcher/tech/reboot/Reboot.java
manuel.gilioli,/trunk/src/developments/PlantVisorPRO/src/com/carel/supervisor/dataaccess/datalog/impl/VarphyBeanList.java,M,2009-04-24,09:25:56,3,29828,Java File,java,642,531,.01,5,Low,1,11,1,81,10,80,0,Peripheral,9,0,6,1,2403,0,.18181819,1,.25,77,0,.049382716,1,.060975611,1,1,19637,PlantVisorPRO/src/com/carel/supervisor/dataaccess/datalog/impl/VarphyBeanList.java
manuel.gilioli,/trunk/src/developments/PlantVisorPRO/src/com/carel/supervisor/dataaccess/datalog/impl/ReportBeanList.java,M,2009-04-24,11:47:18,3,56964,Java File,java,301,261,0,6,Low,1,12,1,58,11,57,0,Peripheral,5,0,5,1,2403,0,.58333331,1,.61538464,40,0,.31034482,1,.32203391,1,1,19641,PlantVisorPRO/src/com/carel/supervisor/dataaccess/datalog/impl/ReportBeanList.java
manuel.gilioli,/trunk/src/developments/PlantVisorPRO/src/com/carel/supervisor/presentation/bo/BReport.java,M,2009-04-24,12:19:29,3,59497,Java File,java,337,288,0,42,High,2,9,2,388,9,388,0,Control,5,0,6,1,2403,0,.44444445,1,.54545456,325,0,.16237113,1,.16666667,1,1,19643,PlantVisorPRO/src/com/carel/supervisor/presentation/bo/BReport.java
manuel.gilioli,/trunk/src/developments/PlantVisorPRO/src/com/carel/supervisor/presentation/bo/BReport.java,M,2009-04-24,13:05:14,3,59497,Java File,java,337,288,0,42,High,2,9,2,388,9,388,0,Control,5,0,6,1,2403,0,.44444445,1,.54545456,325,0,.16237113,1,.16666667,1,1,19646,PlantVisorPRO/src/com/carel/supervisor/presentation/bo/BReport.java
manuel.gilioli,/trunk/src/developments/PlantVisorPRO/src/com/carel/supervisor/dataaccess/datalog/impl/VarphyBeanList.java,M,2009-04-24,13:53:15,3,29828,Java File,java,642,531,.01,5,Low,1,11,1,81,10,80,0,Peripheral,9,0,6,1,2403,0,.18181819,1,.25,77,0,.049382716,1,.060975611,1,1,19648,PlantVisorPRO/src/com/carel/supervisor/dataaccess/datalog/impl/VarphyBeanList.java
manuel.gilioli,/trunk/src/developments/PlantVisorPRO/src/com/carel/supervisor/presentation/bean/VarMdlBeanList.java,M,2009-04-24,13:53:25,3,58710,Java File,java,89,66,0,2,Low,1,5,1,52,4,51,0,Peripheral,0,0,5,1,2403,0,1,1,1,36,0,.30769232,1,.32075471,1,1,19649,PlantVisorPRO/src/com/carel/supervisor/presentation/bean/VarMdlBeanList.java
manuel.gilioli,/trunk/src/developments/PlantVisorPRO/src/com/carel/supervisor/presentation/bean/ReportBeanListPres.java,M,2009-04-24,13:53:40,3,49840,Java File,java,245,196,.01,10,Low,1,11,1,72,10,71,0,Peripheral,3,0,6,1,2403,0,.72727275,1,.75,59,0,.18055555,1,.19178082,1,1,19650,PlantVisorPRO/src/com/carel/supervisor/presentation/bean/ReportBeanListPres.java
manuel.gilioli,/trunk/src/developments/PlantVisorPRO/src/com/carel/supervisor/presentation/bo/BReport.java,M,2009-04-24,16:34:51,3,59497,Java File,java,337,288,0,42,High,2,9,2,388,9,388,0,Control,5,0,6,1,2403,0,.44444445,1,.54545456,325,0,.16237113,1,.16666667,1,1,19651,PlantVisorPRO/src/com/carel/supervisor/presentation/bo/BReport.java
fabio.boldrin,/trunk/src/developments/c_source/commconnector/commdial/untModem.cpp,M,2009-04-27,07:06:29,3,78609,C Code File,cpp,999,701,.25,15,Medium,5,12,56,43,15,97,19,Secondary network,0,0,9,2,140,59,1,1,1,0,3,1,.9464286,.969697,.20833333,.62886596,19654,c_source/commconnector/commdial/untModem.cpp
manuel.gilioli,/trunk/src/developments/PlantVisorPRO/src/com/carel/supervisor/dataaccess/datalog/impl/ReportBeanList.java,M,2009-04-27,08:29:41,3,56964,Java File,java,301,261,0,6,Low,1,12,1,58,11,57,0,Peripheral,5,0,5,1,2403,0,.58333331,1,.61538464,40,0,.31034482,1,.32203391,1,1,19656,PlantVisorPRO/src/com/carel/supervisor/dataaccess/datalog/impl/ReportBeanList.java
manuel.gilioli,/trunk/src/developments/PlantVisorPRO/src/com/carel/supervisor/presentation/bo/BReport.java,M,2009-04-27,08:33:05,3,59497,Java File,java,337,288,0,42,High,2,9,2,388,9,388,0,Control,5,0,6,1,2403,0,.44444445,1,.54545456,325,0,.16237113,1,.16666667,1,1,19685,PlantVisorPRO/src/com/carel/supervisor/presentation/bo/BReport.java
manuel.gilioli,/trunk/src/developments/PlantVisorPRO/src/com/carel/supervisor/dataaccess/datalog/impl/ReportBeanList.java,M,2009-04-27,09:00:31,3,56964,Java File,java,301,261,0,6,Low,1,12,1,58,11,57,0,Peripheral,5,0,5,1,2403,0,.58333331,1,.61538464,40,0,.31034482,1,.32203391,1,1,19687,PlantVisorPRO/src/com/carel/supervisor/dataaccess/datalog/impl/ReportBeanList.java
luca.biolo,/branches/pvpro_bf_1.4/src/developments/PlantVisorPRO/src/com/carel/supervisor/base/io/ReadFile.java,M,2009-04-27,09:15:58,3,,Java File,java,71,53,0,2,Low,1,1,1,1,0,0,0,Unconnected,,,,47,1,0,,,,,,,,,1,1,19690,PlantVisorPRO/src/com/carel/supervisor/base/io/ReadFile.java
luca.biolo,/branches/pvpro_bf_1.4/src/developments/PlantVisorPRO/src/com/carel/supervisor/dispatcher/action/EAction.java,M,2009-04-27,09:21:21,3,109651,Java File,java,264,207,.04,14,Medium,2,22,2,316,22,316,0,Control,3,0,7,1,2403,0,.86363637,1,.875,242,0,.23417722,1,.2389937,1,1,19691,PlantVisorPRO/src/com/carel/supervisor/dispatcher/action/EAction.java
manuel.gilioli,/trunk/src/developments/PlantVisorPRO/src/com/carel/supervisor/dataaccess/datalog/impl/ReportBeanList.java,M,2009-04-27,10:27:40,3,56964,Java File,java,301,261,0,6,Low,1,12,1,58,11,57,0,Peripheral,5,0,5,1,2403,0,.58333331,1,.61538464,40,0,.31034482,1,.32203391,1,1,19696,PlantVisorPRO/src/com/carel/supervisor/dataaccess/datalog/impl/ReportBeanList.java
nicola.compagno,/branches/pvpro_bf_1.4/src/developments/PlantVisorPRO/src/com/carel/supervisor/director/lightnight/LightNightMgr.java,M,2009-04-27,11:38:29,3,17430,Java File,java,345,307,.02,14,Medium,1,12,1,214,11,213,0,Control,8,0,5,1,2403,0,.33333334,1,.38461539,168,0,.21495327,1,.21860465,1,1,19698,PlantVisorPRO/src/com/carel/supervisor/director/lightnight/LightNightMgr.java
nicola.compagno,/trunk/src/developments/PlantVisorPRO/src/com/carel/supervisor/director/lightnight/LightNightMgr.java,M,2009-04-27,12:11:50,3,17430,Java File,java,345,307,.02,14,Medium,1,12,1,214,11,213,0,Control,8,0,5,1,2403,0,.33333334,1,.38461539,168,0,.21495327,1,.21860465,1,1,19700,PlantVisorPRO/src/com/carel/supervisor/director/lightnight/LightNightMgr.java
manuel.gilioli,/trunk/src/developments/PlantVisorPRO/src/com/carel/supervisor/dataaccess/datalog/impl/ReportBeanList.java,M,2009-04-27,13:57:56,3,56964,Java File,java,301,261,0,6,Low,1,12,1,58,11,57,0,Peripheral,5,0,5,1,2403,0,.58333331,1,.61538464,40,0,.31034482,1,.32203391,1,1,19703,PlantVisorPRO/src/com/carel/supervisor/dataaccess/datalog/impl/ReportBeanList.java
riccardo.fantato,/branches/pvpro_bf_1.4/src/developments/c_source/pvproembedded_postgresxx/debug_build/sql/localeAdvancedSTD.sql,M,2009-04-27,15:10:43,3,10205,Pascal File,sql,8,5,.4,0,Low,1,2,1,2,1,1,0,Secondary network,0,0,33,14,6,0,1,1,1,0,0,1,1,1,1,1,19706,c_source/pvproembedded_postgresxx/debug_build/sql/localeAdvancedSTD.sql
riccardo.fantato,/branches/pvpro_bf_1.4/src/developments/c_source/pvproembedded_postgresxx/debug_build/sql/localeAdvancedVAR.sql,M,2009-04-27,15:10:43,3,12002,Pascal File,sql,10,6,.33,0,Low,1,2,1,2,1,1,0,Secondary network,0,0,33,14,6,0,1,1,1,0,0,1,1,1,1,1,19707,c_source/pvproembedded_postgresxx/debug_build/sql/localeAdvancedVAR.sql
riccardo.fantato,/branches/pvpro_bf_1.4/src/developments/c_source/pvproembedded_postgresxx/debug_build/sql/localeBasicSTD.sql,M,2009-04-27,15:10:43,3,57430,Pascal File,sql,8,5,.4,0,Low,6,1,6,1,5,5,0,Secondary network,0,0,33,14,6,0,1,1,1,0,0,1,1,1,1,1,19708,c_source/pvproembedded_postgresxx/debug_build/sql/localeBasicSTD.sql
riccardo.fantato,/branches/pvpro_bf_1.4/src/developments/c_source/pvproembedded_postgresxx/debug_build/sql/localeBasicVAR.sql,M,2009-04-27,15:10:43,3,3772,Pascal File,sql,10,6,.33,0,Low,1,2,1,2,1,1,0,Secondary network,0,0,33,14,6,0,1,1,1,0,0,1,1,1,1,1,19709,c_source/pvproembedded_postgresxx/debug_build/sql/localeBasicVAR.sql
riccardo.fantato,/branches/pvpro_bf_1.4/src/developments/c_source/pvproembedded_postgresxx/debug_build/sql/localeSmallSTD.sql,M,2009-04-27,15:10:43,3,29353,Pascal File,sql,8,5,.4,0,Low,1,2,1,2,1,1,0,Secondary network,0,0,33,14,6,0,1,1,1,0,0,1,1,1,1,1,19710,c_source/pvproembedded_postgresxx/debug_build/sql/localeSmallSTD.sql
riccardo.fantato,/branches/pvpro_bf_1.4/src/developments/c_source/pvproembedded_postgresxx/debug_build/sql/localeSmallVAR.sql,M,2009-04-27,15:10:43,3,32868,Pascal File,sql,10,6,.33,0,Low,1,2,1,2,1,1,0,Secondary network,0,0,33,14,6,0,1,1,1,0,0,1,1,1,1,1,19711,c_source/pvproembedded_postgresxx/debug_build/sql/localeSmallVAR.sql
kevin.ge,/trunk/src/developments/PlantVisorPRO/src/com/carel/supervisor/presentation/dbllistbox/DblListBox.java,M,2009-04-28,02:09:06,3,30071,Java File,java,335,259,.05,10,Low,2,2,14,2,2,14,0,Peripheral,0,0,7,1,2403,0,1,1,1,0,2,1,.85714287,.875,1,1,19712,PlantVisorPRO/src/com/carel/supervisor/presentation/dbllistbox/DblListBox.java
fabio.boldrin,/trunk/src/developments/PlantVisorPRO/src/com/carel/supervisor/field/dataconn/impl/DataConnBase.java,M,2009-04-28,09:58:26,3,45572,Java File,java,216,142,.32,8,Low,1,10,1,120,9,119,0,Peripheral,4,0,4,1,2403,0,.60000002,1,.63636363,79,0,.34166667,1,.34710744,1,1,19717,PlantVisorPRO/src/com/carel/supervisor/field/dataconn/impl/DataConnBase.java
fabio.boldrin,/trunk/src/developments/PlantVisorPRO/src/com/carel/supervisor/presentation/devices/HomeDtlDevice.java,M,2009-04-28,10:00:40,3,63709,Java File,java,110,92,.01,8,Low,1,5,1,285,4,284,0,Control,1,0,6,1,2403,0,.80000001,1,.83333331,225,0,.21052632,1,.21328671,1,1,19722,PlantVisorPRO/src/com/carel/supervisor/presentation/devices/HomeDtlDevice.java
fabio.boldrin,/trunk/src/developments/PlantVisorPRO/src/com/carel/supervisor/presentation/bo/BSetLine.java,M,2009-04-28,10:01:07,3,68145,Java File,java,274,211,.1,24,High,1,20,1,394,19,393,0,Control,7,0,5,1,2403,0,.64999998,1,.66666669,317,0,.19543147,1,.19746836,1,1,19723,PlantVisorPRO/src/com/carel/supervisor/presentation/bo/BSetLine.java
fabio.boldrin,/trunk/src/developments/PlantVisorPRO/src/com/carel/supervisor/presentation/bo/BSiteView.java,M,2009-04-28,10:01:07,3,91518,Java File,java,715,599,.05,45,High,2,35,2,399,35,399,0,Control,23,0,6,1,2403,0,.34285715,1,.37837839,334,0,.16290727,1,.16708229,1,1,19724,PlantVisorPRO/src/com/carel/supervisor/presentation/bo/BSiteView.java
fabio.boldrin,/trunk/src/developments/PlantVisorPRO/src/com/carel/supervisor/presentation/bean/DeviceListBean.java,M,2009-04-28,10:01:36,3,57825,Java File,java,918,764,.04,13,Medium,1,20,1,298,19,297,0,Control,14,0,5,1,2403,0,.30000001,1,.33333334,253,0,.15100671,1,.15384616,1,1,19725,PlantVisorPRO/src/com/carel/supervisor/presentation/bean/DeviceListBean.java
fabio.boldrin,/trunk/src/developments/PlantVisorPRO/src/com/carel/supervisor/presentation/bean/LineBeanList.java,M,2009-04-28,10:01:36,3,98377,Java File,java,631,495,.06,7,Low,2,22,16,391,22,405,3,Control,9,0,5,1,2403,11,.59090906,1,.625,317,8,.18925831,.5,.2014742,.875,.99012345,19726,PlantVisorPRO/src/com/carel/supervisor/presentation/bean/LineBeanList.java
fabio.boldrin,/trunk/src/developments/PlantVisorPRO/src/com/carel/supervisor/presentation/bo/BReport.java,M,2009-04-28,10:01:46,3,59497,Java File,java,337,288,0,42,High,2,9,2,388,9,388,0,Control,5,0,6,1,2403,0,.44444445,1,.54545456,325,0,.16237113,1,.16666667,1,1,19727,PlantVisorPRO/src/com/carel/supervisor/presentation/bo/BReport.java
fabio.boldrin,/trunk/src/developments/PlantVisorPRO/src/com/carel/supervisor/presentation/bo/BSetAction.java,M,2009-04-28,10:01:46,3,62670,Java File,java,451,386,.09,53,Untestable,2,9,2,364,9,364,0,Control,4,0,5,1,2403,0,.55555558,1,.63636363,314,0,.13736264,1,.14207651,1,1,19728,PlantVisorPRO/src/com/carel/supervisor/presentation/bo/BSetAction.java
fabio.boldrin,/trunk/src/developments/PlantVisorPRO/src/com/carel/supervisor/dataaccess/datalog/impl/ReportBeanList.java,M,2009-04-28,10:14:27,3,56964,Java File,java,301,261,0,6,Low,1,12,1,58,11,57,0,Peripheral,5,0,5,1,2403,0,.58333331,1,.61538464,40,0,.31034482,1,.32203391,1,1,19731,PlantVisorPRO/src/com/carel/supervisor/dataaccess/datalog/impl/ReportBeanList.java
fabio.boldrin,/trunk/src/developments/PlantVisorPRO/src/com/carel/supervisor/dataaccess/datalog/impl/VarphyBean.java,M,2009-04-28,10:14:27,3,87675,Java File,java,498,321,.39,5,Low,1,8,1,70,7,69,0,Peripheral,2,0,5,1,2403,0,.75,1,.77777779,52,0,.25714287,1,.26760563,1,1,19732,PlantVisorPRO/src/com/carel/supervisor/dataaccess/datalog/impl/VarphyBean.java
fabio.boldrin,/trunk/src/developments/PlantVisorPRO/src/com/carel/supervisor/dataaccess/datalog/impl/VarphyBeanList.java,M,2009-04-28,10:14:27,3,29828,Java File,java,642,531,.01,5,Low,1,11,1,81,10,80,0,Peripheral,9,0,6,1,2403,0,.18181819,1,.25,77,0,.049382716,1,.060975611,1,1,19733,PlantVisorPRO/src/com/carel/supervisor/dataaccess/datalog/impl/VarphyBeanList.java
nicola.compagno,/branches/pvpro_bf_1.4/src/developments/PlantVisorPRO/src/com/carel/supervisor/action/ActionLog.java,M,2009-04-28,12:21:57,3,46888,Java File,java,76,64,.11,2,Low,1,9,1,141,8,140,0,Peripheral,4,0,2,1,2403,0,.55555558,1,.60000002,122,0,.13475177,1,.14084508,1,1,19735,PlantVisorPRO/src/com/carel/supervisor/action/ActionLog.java
luca.biolo,/trunk/src/developments/PlantVisorPRO/src/com/carel/supervisor/dispatcher/action/EAction.java,M,2009-04-28,14:45:23,3,109651,Java File,java,264,207,.04,14,Medium,2,22,2,316,22,316,0,Control,3,0,7,1,2403,0,.86363637,1,.875,242,0,.23417722,1,.2389937,1,1,19736,PlantVisorPRO/src/com/carel/supervisor/dispatcher/action/EAction.java
luca.biolo,/trunk/src/developments/PlantVisorPRO/src/com/carel/supervisor/dispatcher/action/PAction.java,M,2009-04-28,14:45:37,3,106784,Java File,java,458,375,.05,26,High,2,19,4,311,19,313,0,Control,7,0,7,1,2403,0,.63157892,1,.66666669,241,0,.22508039,1,.23492064,1,1,19737,PlantVisorPRO/src/com/carel/supervisor/dispatcher/action/PAction.java
